Date(YearMonth):,,1402,,,,1411,,,,1502,,,,1509,,,,1602,,,,1606,,,,1610,,,,1702,,,,1706,,,,1802,,,,1807,,,,1810,,,,1902,,,,1904,,,,1910,,,,2002,,,,2008,,,,2103,,,,2105,,,
Parameters,,Red D105,Red D130,Blue 1st Order,Blue 2nd Order,Red D105,Red D130,Blue 1st Order,Blue 2nd Order,Red D105,Red D130,Blue 1st Order,Blue 2nd Order,Red D105,Red D130,Blue 1st Order,Blue 2nd Order,Red D105,Red D130,Blue 1st Order,Blue 2nd Order,Red D105,Red D130,Blue 1st Order,Blue 2nd Order,Red D105,Red D130,Blue 1st Order,Blue 2nd Order,Red D105,Red D130,Blue 1st Order,Blue 2nd Order,Red D105,Red D130,Blue 1st Order,Blue 2nd Order,Red D105,Red D130,Blue 1st Order,Blue 2nd Order,Red D105,Red D130,Blue 1st Order,Blue 2nd Order,Red D105,Red D130,Blue 1st Order,Blue 2nd Order,Red D105,Red D130,Blue 1st Order,Blue 2nd Order,Red D105,Red D130,Blue 1st Order,Blue 2nd Order,Red D105,Red D130,Blue 1st Order,Blue 2nd Order,Red D105,Red D130,Blue 1st Order,Blue 2nd Order,Red D105,Red D130,Blue 1st Order,Blue 2nd Order,Red D105,Red D130,Blue 1st Order,Blue 2nd Order,Red D105,Red D130,Blue 1st Order,Blue 2nd Order
g0,,0.117160438,0.117127492,0.082658649,0.082661526,0.117161466,0.117160653,0.082656365,0.082659764,0.117162665,0.117161583,0.082655051,0.082660762,0.11715799,0.117148824,0.082650683,0.082657053,0.117159858,0.11714899,0.08265622,0.082659046,0.117160383,0.117147165,0.082655409,0.082658288,0.117140585,0.117147165,0.082661893,0.082643764,0.117162102,0.117152334,0.082657528,0.082658664,0.117158542,0.117147621,0.082655742,0.082657886,0.117159611,0.117146592,0.082656638,0.082659976,0.117156225,0.11714742,0.082653788,0.082658466,0.117156639,0.117148692,0.082654642,0.082658703,0.117157064,0.117148027,0.082655379,0.082659093,0.117160233,0.117149283,0.082652118,0.082660222,0.117155401,0.117148405,0.082656415,0.082660831,0.117155872,0.117149152,0.082656143,0.082660669,0.117155379,0.117144368,0.082656702,0.082658132,0.117158708,0.117147296,0.082657169,0.082660993,1.17162e-01,1.17149e-01,8.26553e-02,8.26636e-02
NP,,14.27237446,14.72575587,13.85458511,14.29717081,14.12558275,14.06087953,14.19069215,14.28629646,14.1448567,14.01106162,14.12992252,14.38207279,14.16390955,14.2096,14.2767,14.0765,14.109,14.1171964,13.81755181,14.77338272,14.2692,14.317,13.6558,14.2627,13.97882741,13.96301583,12.88788972,13.10838404,14.22635147,14.30074435,13.58625614,13.80909499,14.23632844,14.29199433,13.73850273,13.87463767,14.321369,14.22883383,13.46350894,14.10294671,14.32434507,14.41231962,13.63432927,14.1749157,14.29322853,14.37367602,13.80495342,14.33447079,14.3197815,14.38210218,13.72188917,14.19838289,14.42771354,14.46357471,12.81692673,14.13414832,14.33055303,14.37171999,13.60018232,14.00323517,14.2983228,14.38387888,13.59708573,14.04656317,14.28856019,14.29543374,13.48800253,14.20396227,14.29571379,14.27733611,13.86144678,14.44704984,1.42815e+01,1.42984e+01,1.40010e+01,1.44868e+01
a,,421.4412009,439.4338676,730.359147,786.3050185,425.4883793,430.0470743,740.7241204,772.7084655,421.4983567,430.1691405,765.3023567,765.0395979,439.2421738,426.7248,759.3388,766.4614,427.3457,421.5616254,789.4072497,778.9326389,427.222,424.9008,797.7527,773.6309,420.6286072,430.9610182,899.9999919,700,423.7980644,426.7046611,775.9669276,779.3446969,425.3646731,424.7935953,796.5387121,788.6932676,421.63955,428.9769849,793.6388717,750.8855472,423.9484392,421.7643245,849.7988876,768.7008914,425.3338611,424.5720827,796.1169851,764.13452,422.6168457,421.7503189,816.9352228,757.7434231,420.1868819,420.2011873,824.3806472,770.7876825,423.5396599,425.9895003,788.9840593,756.2140088,424.3943618,422.3288473,791.9467518,752.1737328,426.5910971,426.9190478,799.9220581,765.6969823,424.5871686,426.2978228,779.1902605,756.7553981,4.24797e+02,4.29231e+02,8.75423e+02,8.20427e+02
ISF,,1,1,1,1,1,1,1,1,1,1,1,1,1,1,1,1,1,1,1,1,1,1,1,1,1,1,1,1,1,1,1,1,1,1,1,1,1,1,1,1,1,1,1,1,1,1,1,1,1,1,1,1,1,1,1,1,1,1,1,1,1,1,1,1,1,1,1,1,1,1,1,1,1,1,1,1
gamma,,0.016720016,0.016720001,0.0089008,0.008900816,0.01672003,0.016720079,0.0089008,0.0089008,0.016720076,0.016720033,0.0089008,0.0089008,0.016720001,0.01672,0.0089008,0.008900815,0.01672,0.016720002,0.0089008,0.0089008,0.01672,0.016720002,0.0089008,0.0089008,0.016807648,0.01672,0.0089008,0.0089008,0.01672,0.016720051,0.0089008,0.008900801,0.016720001,0.016720008,0.0089008,0.008900801,0.01672,0.016720003,0.0089008,0.0089008,0.016720001,0.016720005,0.008900801,0.008900801,0.016720005,0.01672001,0.008900801,0.0089008,0.01672,0.016720314,0.0089008,0.0089008,0.016720026,0.016720003,0.0089008,0.008900803,0.01672,0.01672,0.0089008,0.008900804,0.01672,0.016720004,0.0089008,0.0089008,0.01672,0.01672,0.0089008,0.0089008,0.01672,0.01672,0.0089008,0.0089008,1.67200e-02,1.67200e-02,8.90080e-03,8.90080e-03
PS,,0.000586884,0.000586423,0.000553215,0.000556727,0.000586952,0.000585244,0.000551753,0.000554953,0.000586564,0.00058588,0.000549424,0.000554613,0.00058694,0.000586262,0.000551869,0.000554112,0.000587043,0.000586214,0.000553655,0.000556372,0.00058646,0.00058693,0.0005513,0.00055531,0.00058693,0.000584562,0.000558919,0.000559361,0.000586642,0.000585836,0.00055139,0.000556513,0.000587103,0.000587043,0.000552682,0.000555171,0.000587827,0.000586693,0.000548368,0.000552839,0.000587442,0.000587472,0.000548714,0.000558056,0.000587222,0.000586081,0.000551673,0.000558383,0.000587551,0.000586676,0.000551677,0.000557996,0.000587065,0.000587225,0.00054413,0.000557024,0.000587017,0.000586802,0.000549333,0.000558514,0.000587251,0.000586606,0.000551348,0.000557073,0.000587762,0.000586763,0.000548776,0.000558984,0.000587255,0.000586978,0.000553217,0.000558282,5.85075e-04,5.87285e-04,5.50245e-04,5.56428e-04
QOFF,,6.141075305,6.462989743,6.818688089,6.482487631,5.881618085,6.259947918,6.76144812,6.4886508,5.98638866,6.089276871,6.710947361,6.496535521,6.023015974,6.3151251,6.746235634,6.571415593,6.053818821,6.31975739,6.785815378,6.630431918,5.807,6.2259,6.7184,6.6185,5.359720213,5.000000047,6.604425037,6.469573079,5.723234147,6.242703215,6.748001815,6.542438691,5.941430919,6.005722569,6.783541043,6.648047066,5.985657286,6.097634057,6.916344984,6.598050006,5.927567612,6.269490601,6.775551463,6.480782697,6.236073606,6.201132234,6.751251378,6.469935553,6.16376676,6.564165731,6.774276919,6.488151169,6.159833924,6.401686705,6.864172211,6.450851212,6.08923982,6.184799788,6.723939522,6.423265176,6.431328155,6.412793944,6.765546829,6.475785075,5.747153384,6.096206785,6.942111603,6.456275945,6.018308378,6.253416994,6.901845307,6.524857309,5.97635e+00,5.64539e+00,6.59861e+00,6.52288e+00
QS,,1.70E-06,1.64E-06,1.06E-05,7.77E-06,1.53E-06,1.90E-06,1.07E-05,8.07E-06,1.56E-06,1.79E-06,1.09E-05,8.27E-06,1.60E-06,1.71E-06,1.07E-05,8.36E-06,1.59E-06,1.72E-06,1.07E-05,8.26E-06,1.56E-06,1.61E-06,0.000010992,8.22E-06,1.37E-06,1.41E-06,1.13E-05,7.42E-06,1.55E-06,1.71E-06,1.11E-05,7.98E-06,1.53E-06,1.53E-06,1.12E-05,8.31E-06,1.46E-06,1.56E-06,1.12E-05,8.24E-06,1.52E-06,1.62E-06,1.15E-05,7.48E-06,1.57E-06,1.77E-06,1.11E-05,7.47E-06,1.54E-06,1.76E-06,1.11E-05,7.44E-06,1.62E-06,1.72E-06,1.15E-05,7.51E-06,1.59E-06,1.66E-06,1.13E-05,7.43E-06,1.64E-06,1.75E-06,1.09E-05,7.62E-06,1.40E-06,1.55E-06,1.14E-05,7.35E-06,1.4623E-06,1.6322E-06,1.09496E-05,7.5353E-06,1.74208e-06,1.33834e-06,1.05074e-05,7.81550e-06
ISOFF,1,953581.0195,954171.811,1075031.3,1074856.371,954327.5656,954398.5782,1075442.365,1075322.696,954135.5625,954206.5792,1075022.65,1074906.399,953994.9883,954319.4873,1075636.603,1075522.947,954344.4581,954716.0487,1075656.144,1075467.617,954439.4478,954839.308,1075754.273,1075684.723,1150677.005,1151184.368,1075448.573,1075684.723,1150504.309,1150791.716,1075548.661,1075533.409,1150399.7,1150739.223,1075733.665,1075695.395,1150548.295,1150979.943,1075547.216,1075473.643,1150363.059,1150662.077,1075427.356,1075395.451,1150563.36,1150841.158,1075221.956,1075170.935,1150310.126,1150616.134,1075178.675,1075154.047,1150939.672,1151280.5,1075561.948,1075387.096,1150762.77,1151019.549,1075397.318,1075331.499,1151018.855,1151274.017,1075508.155,1075435.763,1150786.535,1151136.27,1075568.923,1075530.788,1150709.976,1151054.591,1075435.575,1075345.924,1150583.647,1150914.074,1075088.689,1074835.314
,2,953724.9771,954290.0678,1074883.128,1074807.63,954481.8467,954551.6236,1075318.577,1075283.482,954302.5548,954371.4767,1074985.651,1074920.525,954151.9422,954473.8073,1075446.481,1075448.56,954492.0132,954867.1335,1075423.292,1075353.147,954588.454,954987.7845,1075549.77,1075586.164,1150842.343,1151336.985,1075298.98,1075586.164,1150658.642,1150936.502,1075409.452,1075478.668,1150553.504,1150881.588,1075492.441,1075545.316,1150699.475,1151122.298,1075441.022,1075434.211,1150511.213,1150805.965,1075316.342,1075334.043,1150711.05,1150980.963,1075045.064,1075061.342,1150457.455,1150757.172,1075014.331,1075049.03,1151084.73,1151415.636,1075433.879,1075340.924,1150909.188,1151157.169,1075332.689,1075322.472,1151165.486,1151413.525,1075439.458,1075423.849,1150937.578,1151277.312,1075379.166,1075414.072,1150860.54,1151197.871,1075184.956,1075121.181,1150728.753,1151055.201,1074957.114,1074790.083
,3,953893.8871,954445.4767,1074886.766,1074827.906,954646.9453,954709.3621,1075337.204,1075305.395,954469.3529,954527.4616,1075002.044,1074935.528,954313.0117,954625.3441,1075453.957,1075474.273,954648.1761,955031.6916,1075421.56,1075383.157,954753.9328,955150.0091,1075553.28,1075612.575,1151012.692,1151503.428,1075304.653,1075612.575,1150821.413,1151095.072,1075425.78,1075501.733,1150721.219,1151047.537,1075492.948,1075567.123,1150870.923,1151285.335,1075453.205,1075453.139,1150681.046,1150971.884,1075327.96,1075355.545,1150881.201,1151145.817,1075053.261,1075084.812,1150625.438,1150922.471,1075016.565,1075073.859,1151261.394,1151587.728,1075444.976,1075361.5,1151078.502,1151319.419,1075351.986,1075340.096,1151335.905,1151580.362,1075456.514,1075438.463,1151102.407,1151432.555,1075383.704,1075443.061,1151017.407,1151344.555,1075170.605,1075139.303,1150903.766,1151221.401,1074951.553,1074796.463
,4,954060.2265,954585.0326,1074943.97,1074843.518,954811.7675,954883.3976,1075359.981,1075324.136,954631.742,954701.6188,1074987.565,1074903.856,954479.3588,954797.2886,1075477.977,1075491.28,954803.912,955210.997,1075445.362,1075440.341,954914.7967,955316.623,1075576.313,1075634.063,1151174.822,1151669.991,1075311.889,1075634.063,1150983.904,1151268.893,1075421.71,1075518.126,1150880.233,1151211.556,1075521.06,1075592.834,1151030.105,1151449.341,1075456.679,1075460.462,1150837.553,1151137.917,1075335.6,1075360.681,1151036.386,1151309.281,1075077.95,1075098.552,1150785.447,1151090.73,1075035.782,1075090.368,1151416.396,1151747.691,1075466.382,1075356.575,1151237.978,1151483.31,1075325.01,1075312.556,1151491.569,1151745.36,1075438.978,1075419.028,1151260.275,1151603.452,1075406.958,1075455.625,1151191.289,1151527.718,1075205.596,1075165.802,1151063.649,1151384.277,1074962.168,1074783.763
,5,954247.9416,954749.1426,1074673.568,1074531.553,954991.6918,955060.1957,1075061.474,1074978.907,954820.7885,954883.4955,1074560.898,1074426.678,954662.4403,954963.6055,1075174.264,1075146.41,954984.7743,955386.0405,1075214.972,1075161.056,955108.2594,955500.4969,1075303.049,1075333.342,1151360.782,1151819.718,1075005.886,1075333.342,1151177.773,1151436.465,1075081.64,1075125.338,1151075.321,1151397.143,1075326.118,1075382.273,1151224.993,1151632.985,1075103.221,1075083.446,1151036.085,1151331.877,1075013.312,1075013.604,1151232.66,1151502.053,1074834.942,1074826.712,1150982.326,1151288.408,1074768.988,1074788.209,1151612.851,1151947.599,1075128.37,1074964.75,1151437.041,1151677.179,1074907.488,1074846.61,1151686.603,1151940.283,1075028.227,1074952.674,1151461.205,1151797.41,1075162.458,1075173.007,1151388.023,1151720.436,1075070.984,1075012.67,1151257.039,1151565.408,1074612.637,1074381.107
,6,952924.0319,953577.6625,1074684.963,1074577.496,953676.2527,953762.5084,1075116.32,1075043.283,953476.2457,953571.4007,1074747.898,1074648.218,953349.08,953684.6512,1075286.464,1075213.06,953730.5221,954060.2096,1075316.493,1075163.685,953806.4887,954212.8915,1075406.549,1075373.805,1150009.462,1150546.146,1075108.535,1075373.805,1149858.668,1150165.871,1075213.602,1075230.194,1149761.647,1150109.122,1075400.062,1075370.166,1149905.904,1150354.522,1075227.887,1075164.853,1149723.717,1150033.351,1075142.667,1075091.293,1149927.259,1150216.022,1074897.432,1074852.311,1149667.512,1149983.332,1074864.18,1074832.169,1150294.336,1150641.519,1075238.822,1075092.978,1150122.844,1150393.946,1075096.103,1075043.151,1150378.705,1150642.136,1075202.581,1075142.799,1150158.485,1150515.03,1075227.265,1075209.25,1150076.086,1150429.259,1075091.304,1074995.325,1149945.110,1150298.024,1074789.880,1074587.929
,7,952979.3823,953635.9971,1074572.745,1074537.412,953731.5314,953813.5944,1075012.446,1075006.27,953537.9297,953629.9443,1074698.059,1074646.788,953408.1708,953740.8815,1075139.587,1075153.632,953806.8608,954130.4728,1075119.625,1075087.761,953863.2178,954259.7453,1075250.079,1075297.51,1150070.712,1150603.29,1075010.291,1075297.51,1149915.741,1150211.474,1075093.314,1075182.94,1149818.684,1150157.347,1075189.315,1075248.752,1149962.552,1150400.75,1075134.565,1075124.715,1149780.872,1150078.391,1075035.72,1075040.977,1149985.117,1150261.149,1074744.655,1074765.563,1149725.726,1150029.315,1074721.495,1074747.066,1150358.926,1150695.074,1075134.348,1075046.589,1150182.978,1150441.792,1075037.871,1075015.316,1150438.613,1150688.208,1075137.658,1075116.603,1150215.382,1150558.595,1075078.552,1075119.438,1150129.091,1150471.166,1074864.741,1074823.177,1150001.709,1150349.549,1074696.250,1074539.992
,8,953079.7455,953714.366,1074589.111,1074560.722,953836.264,953916.4386,1075040.921,1075034.103,953643.3374,953731.3848,1074734.773,1074669.502,953512.3364,953836.779,1075159.143,1075182.403,953887.8894,954242.8357,1075128.844,1075124.466,953964.5716,954361.708,1075258.271,1075323.018,1150178.815,1150696.228,1075040.092,1075323.018,1150016.142,1150311.428,1075126.01,1075215.308,1149922.031,1150259.559,1075208.007,1075277.169,1150062.941,1150500.362,1075163.98,1075157.429,1149880.019,1150177.265,1075061.471,1075064.165,1150082.726,1150356.366,1074768.7,1074795.415,1149824.173,1150127.123,1074741.8,1074774.779,1150453.038,1150785.882,1075159.635,1075077.869,1150279.133,1150535.893,1075068.604,1075053.858,1150534.995,1150784.68,1075171.707,1075151.219,1150312.167,1150656.912,1075098.73,1075145.591,1150230.992,1150573.43,1074880.06,1074845.258,1150100.493,1150451.345,1074724.910,1074569.046
,9,953173.9718,953800.1672,1074600.146,1074559.57,953925.3511,954013.3695,1075039.752,1075031.292,953733.9437,953825.4443,1074700.848,1074627.179,953598.5136,953930.5532,1075156.988,1075182.288,953965.6717,954311.8095,1075129.104,1075153.25,954050.4303,954450.1005,1075259.124,1075327.85,1150265.372,1150789.722,1075026.783,1075327.85,1150108.259,1150405.987,1075101.888,1075209.12,1150007.364,1150346.996,1075199.04,1075286.139,1150150.564,1150591.768,1075147.351,1075149.771,1149966.723,1150268.527,1075051.332,1075061.533,1150169.752,1150450.032,1074770.865,1074795.63,1149911.344,1150218.915,1074739.604,1074778.428,1150541.932,1150881.659,1075163.836,1075066.833,1150366.809,1150627.977,1075034.002,1075017.904,1150621.414,1150878.236,1075143.736,1075121.263,1150396.925,1150748.703,1075096.975,1075149.898,1150317.104,1150664.396,1074879.136,1074847.401,1150187.087,1150533.117,1074694.950,1074538.198
,10,953327.7808,953913.9429,1074403.257,1074296.418,954131.0559,954190.6091,1074814.666,1074737.353,953935.3276,954011.759,1074365.576,1074266.102,953803.2479,954094.3352,1074926.442,1074881.609,954164.2363,954487.5673,1074962.548,1074918.066,954237.1333,954611.6608,1075053.158,1075069.039,1150474.057,1150956.711,1074777.951,1075069.039,1150307.215,1150575.28,1074833.469,1074881.311,1150193.38,1150507.53,1075062.292,1075104.105,1150326.09,1150752.814,1074860.493,1074821.924,1150137.968,1150429.397,1074786.147,1074757.382,1150337.851,1150605.195,1074581.749,1074555.762,1150076.54,1150376.629,1074528.545,1074518.994,1150696.325,1151028.924,1074890.264,1074720.834,1150532.091,1150780.278,1074678.609,1074625.001,1150787.167,1151033.36,1074805.325,1074734.017,1150580.952,1150909.271,1074904.803,1074915.604,1150491.642,1150825.823,1074789.863,1074731.711,1150366.501,1150690.613,1074413.124,1074194.391
,11,952534.68,953245.9459,1074561.321,1074469.651,953278.1331,953358.8123,1075001.899,1074936.316,953084.1534,953169.7109,1074640.34,1074543.291,952953.3395,953296.4713,1075164.334,1075090.342,953397.8262,953668.954,1075176.015,1075068.671,953423.9331,953833.6651,1075269.15,1075255.678,1149603.017,1150147.247,1074978.418,1075255.678,1149466.875,1149781.759,1075072.323,1075096.619,1149376.825,1149726.611,1075262.333,1075241.685,1149522.681,1149969.986,1075102.318,1075048.099,1149344.477,1149656.566,1075034.863,1074978.64,1149546.92,1149838.557,1074780.662,1074740.712,1149287.476,1149605.828,1074746.838,1074710.705,1149920.993,1150266.728,1075117.794,1074978.788,1149746.123,1150018.717,1074976.329,1074923.883,1149999.841,1150265.154,1075087.238,1075026.071,1149779.614,1150134.141,1075096.498,1075088.306,1149693.138,1150043.564,1074970.109,1074878.56,1149563.520,1149922.834,1074691.418,1074481.556
,12,952523.5785,953212.7164,1074447.428,1074418.768,953262.2846,953356.1575,1074907.673,1074892.035,953064.1071,953167.8385,1074588.053,1074534.501,952949.224,953284.778,1075036.399,1075022.606,953395.4034,953682.9805,1075005.012,1074927.377,953416.2908,953818.2,1075130.444,1075170.929,1149595.471,1150146.76,1074891.644,1075170.929,1149463.725,1149771.027,1074971.704,1075044.51,1149369.045,1149710.757,1075079.122,1075116.8,1149517.122,1149958.732,1075009.622,1074994.251,1149340.063,1149644.989,1074927.417,1074912.876,1149542.368,1149823.526,1074638.734,1074641.147,1149282.73,1149592.63,1074611.96,1074617.338,1149919.76,1150258.948,1075019.632,1074923.829,1149740.864,1150004.937,1074921.867,1074890.84,1149994.53,1150250.912,1075028.55,1074992.763,1149773.79,1150118.757,1074962.827,1074994.307,1149686.182,1150029.398,1074754.598,1074702.163,1149554.316,1149909.343,1074596.263,1074439.818
,13,952541.1469,953220.1524,1074416.691,1074400.712,953286.5085,953378.4716,1074868.241,1074868.95,953084.4837,953188.6668,1074565.046,1074507.25,952964.5882,953303.0829,1074984.742,1074999.836,953385.4285,953670.0193,1074953.153,1074961.274,953430.0649,953832.4925,1075081.731,1075149.987,1149614.211,1150160.765,1074847.705,1075149.987,1149477.854,1149786.833,1074936.335,1075032.301,1149384.682,1149727.167,1075023.908,1075094.638,1149533.423,1149980.003,1074979.096,1074972.618,1149356.218,1149664.304,1074885.206,1074887.064,1149557.717,1149844.535,1074592.338,1074612.813,1149298.288,1149613.147,1074567.382,1074594.959,1149933.735,1150277.898,1074989.824,1074905.858,1149755.335,1150025.224,1074892.336,1074873.279,1150010.253,1150271.533,1074997.013,1074971.842,1149789.25,1150140.587,1074915.888,1074968.762,1149702.35,1150051.268,1074699.132,1074668.561,1149570.416,1149929.227,1074546.287,1074417.445
,14,952560.0571,953247.7203,1074433.554,1074412.378,953309.432,953408.7884,1074887.943,1074881.449,953103.1768,953215.9117,1074568.912,1074503.839,952989.0174,953330.6236,1075002.278,1075009.962,953374.1787,953693.866,1074971.842,1075031.367,953446.1078,953857.0963,1075102.736,1075163.379,1149634.461,1150195.287,1074848.321,1075163.379,1149498.916,1149815.211,1074947.538,1075037.276,1149401.986,1149751.699,1075044.312,1075109.032,1149547.375,1150001.016,1074989.585,1074987.313,1149370.24,1149682.421,1074904.497,1074904.965,1149573.384,1149865.052,1074612.672,1074635.664,1149313.459,1149633.055,1074585.632,1074613.413,1149949.333,1150300.017,1075010.045,1074910.693,1149770.626,1150045.379,1074889.718,1074867.784,1150024.405,1150291.478,1074998.712,1074969.673,1149802.593,1150160.973,1074934.353,1074984.163,1149716.219,1150070.621,1074717.426,1074687.031,1149584.299,1149943.991,1074553.855,1074415.754
,15,952708.524,953353.2505,1074284.042,1074204.759,953552.3283,953598.9797,1074704.826,1074643.241,953362.3074,953410.7295,1074306.886,1074226.451,953231.0052,953515.3806,1074821.769,1074767.218,953617.8814,953888.1371,1074831.677,1074817.308,953653.9773,954014.8808,1074928.932,1074951.752,1149887.401,1150348.645,1074608.651,1074951.752,1149733.364,1149992.79,1074710.821,1074767.654,1149603.962,1149907.474,1074915.993,1074959.14,1149722.547,1150149.713,1074775.74,1074718.28,1149532.137,1149810.971,1074714.342,1074660.001,1149732.711,1149993.698,1074478.93,1074446.366,1149466.47,1149754.4,1074429.563,1074402.165,1150068.841,1150397.698,1074814.32,1074627.981,1149923.408,1150166.19,1074623.796,1074555.205,1150175.604,1150412.032,1074741.326,1074659.128,1149986.71,1150302.788,1074791.633,1074798.5,1149894.079,1150208.589,1074642.589,1074587.066,1149747.752,1150076.884,1074351.081,1074136.767
,16,952794.1723,953495.3332,1074582.773,1074490.733,953500.8075,953568.3843,1075024.553,1074963.809,953317.8348,953381.493,1074668.152,1074579.535,953177.2183,953512.4968,1075168.904,1075099.694,953612.3205,953885.9986,1075165.248,1075127.559,953663.2434,954065.2241,1075255.637,1075264.995,1149826.197,1150349.75,1074965.144,1075264.995,1149712.047,1150011.496,1075067.222,1075105.003,1149619.464,1149959.006,1075235.293,1075230.74,1149782.492,1150199.168,1075098.354,1075066.868,1149598.36,1149911.89,1075012.905,1074988.515,1149797.617,1150084.698,1074761.808,1074754.532,1149544.816,1149858.324,1074719.425,1074718.956,1150192.555,1150532.854,1075076.747,1074981.167,1150004.729,1150264.819,1074980.812,1074943.015,1150257.124,1150518.909,1075085.288,1075043.575,1150031.268,1150370.199,1075066.912,1075090.573,1149946.798,1150280.467,1074931.315,1074882.308,1149825.781,1150158.593,1074663.827,1074480.390
,17,952681.6094,953369.7778,1074452.342,1074420.936,953396.4657,953474.3264,1074909.563,1074897.218,953208.8644,953281.7532,1074605.024,1074548.429,953073.2981,953392.867,1075026.483,1075017.689,953495.874,953755.7006,1074981.016,1074993.417,953554.069,953957.5118,1075107.774,1075169.399,1149719.327,1150246.595,1074851.883,1075169.399,1149598.735,1149901.594,1074950.846,1075035.825,1149509.68,1149848.187,1075050.065,1075095.191,1149671.521,1150092.202,1074999.986,1075008.08,1149490.771,1149799.224,1074912.134,1074918.594,1149691.231,1149975.28,1074620.143,1074652.239,1149435.96,1149747.766,1074586.331,1074618.708,1150088.879,1150426.173,1074980.231,1074924.93,1149895.136,1150154.996,1074916.941,1074906.249,1150145.508,1150405.072,1075019.388,1075004.586,1149918.542,1150258.625,1074931.22,1074990.016,1149832.159,1150168.337,1074729.588,1074697.68,1149705.210,1150049.415,1074568.291,1074423.768
,18,952620.1587,953307.2928,1074423.109,1074404.64,953339.7341,953404.5307,1074885.493,1074875.728,953147.0929,953205.5693,1074577.867,1074520.278,953013.1901,953355.2845,1074997.945,1074996.913,953347.9382,953666.1638,1074951.363,1074952.351,953496.1486,953900.3995,1075081.659,1075148.692,1149662.228,1150189.859,1074824.684,1075148.692,1149541.713,1149849.893,1074929.449,1075016.233,1149449.773,1149792.762,1075020.051,1075078.742,1149609.417,1150033.51,1074980.944,1074977.554,1149432.194,1149743.455,1074894.321,1074894.561,1149633.19,1149917.204,1074598.223,1074628.416,1149372.646,1149689.14,1074553.967,1074592.887,1150026.291,1150366.454,1074965.853,1074894.226,1149835.617,1150097.361,1074898.787,1074873.152,1150085.025,1150347.87,1074998.737,1074963.571,1149858.006,1150203.751,1074908.044,1074962.508,1149772.671,1150113.578,1074691.395,1074671.044,1149641.695,1149990.169,1074569.494,1074400.941
,19,952546.3476,953253.6399,1074420.236,1074378.559,953287.1634,953364.1512,1074876.356,1074842.82,953094.1997,953169.2112,1074566.659,1074477.98,952962.5468,953308.311,1074989.127,1074968.003,953333.9127,953663.7205,1074943.141,1074986.15,953429.9492,953842.5293,1075074.46,1075119.583,1149604.52,1150146.067,1074807.857,1075119.583,1149484.676,1149800.102,1074977.244,1074986.628,1149382.976,1149735.423,1075007.757,1075051.851,1149536.625,1149980.266,1074971.773,1074942.315,1149359.6,1149677.444,1074886.668,1074865.32,1149560.269,1149855.424,1074592.165,1074605.232,1149302.365,1149626.536,1074558.757,1074573.711,1149946.435,1150300.534,1074972.122,1074866.01,1149760.996,1150036.686,1074877.146,1074833.999,1150011.8,1150283.576,1074981.028,1074931.75,1149788.722,1150143.351,1074905.897,1074942.337,1149702.931,1150052.216,1074689.858,1074654.365,1149572.299,1149924.729,1074564.541,1074380.559
,20,952691.1496,953347.912,1074250.612,1074169.557,953563.7219,953592.2755,1074684.369,1074616.604,953377.2866,953395.7523,1074313.041,1074229.098,953245.8174,953518.9284,1074794.817,1074721.676,953633.2986,953893.178,1074792.18,1074802.74,953659.7915,954013.5219,1074891.655,1074901.835,1149914.96,1150353.103,1074567.275,1074901.835,1149746.22,1149999.843,1074685.714,1074717.907,1149601.308,1149900.641,1074877.948,1074891.346,1149716.865,1150137.792,1074747.654,1074684.814,1149527.241,1149800.842,1074683.732,1074618.523,1149718.037,1149979.609,1074444.534,1074402.559,1149446.455,1149736.422,1074387.106,1074348.128,1150044.501,1150376.622,1074761.133,1074589.043,1149903.76,1150146.857,1074610.895,1074545.944,1150156.692,1150394.409,1074720.728,1074644.93,1149978.801,1150288.035,1074744.456,1074742.872,1149878.853,1150193.804,1074599.756,1074524.814,1149736.012,1150074.759,1074333.805,1074112.746
,21,953506.2021,954162.0876,1074883.872,1074775.481,954196.2914,954224.7565,1075345.853,1075259.83,954027.1936,954022.554,1074971.231,1074885.235,953866.6125,954204.4012,1075468.359,1075386.248,954222.1468,954586.5554,1075430.309,1075422.459,954361.9579,954769.1335,1075521.843,1075548.196,1150528.031,1151011.655,1075151.393,1075548.196,1150418.359,1150712.161,1075350.495,1075371.256,1150323.297,1150663.115,1075493.492,1075494.427,1150503.457,1150883.842,1075374.241,1075366.445,1150316.547,1150634.924,1075268.613,1075283.158,1150525.613,1150776.261,1075036.138,1075062.656,1150265.883,1150579.028,1074984.256,1075019.62,1150929.43,1151264.022,1075344.975,1075269.988,1150718.847,1150966.515,1075274.359,1075248.449,1150959.55,1151228.518,1075373.357,1075351.957,1150722.787,1151056.117,1075341.453,1075388.696,1150637.787,1150968.117,1075208.127,1075189.547,1150518.890,1150839.264,1074934.954,1074754.451
,22,953339.0331,953993.8085,1074725.013,1074665.034,954025.3455,954066.0046,1075197.096,1075155.328,953856.6778,953871.4207,1074873.536,1074826.724,953699.8763,954037.2583,1075293.724,1075261.091,954073.6107,954411.4116,1075222.702,1075264.318,954195.8476,954600.7832,1075342.495,1075407.95,1150361.887,1150854.504,1075022.935,1075407.95,1150255.832,1150547.807,1075206.478,1075260.086,1150158.105,1150493.102,1075289.112,1075308.103,1150336.458,1150717.207,1075247.14,1075274.738,1150152.578,1150467.615,1075141.675,1075170.41,1150348.108,1150629.027,1074874.147,1074916.465,1150102.208,1150412.335,1074822.736,1074877.259,1150771.204,1151103.389,1075211.838,1075169.062,1150558.071,1150804.842,1075166.856,1075163.716,1150802.388,1151065.932,1075265.483,1075263.709,1150565.813,1150896.708,1075173.946,1075241.942,1150483.601,1150805.297,1074987.606,1074959.686,1150350.657,1150680.311,1074802.095,1074661.298
,23,953181.6131,953851.6959,1074657.558,1074608.426,953874.7151,953931.4157,1075129.279,1075098.235,953700.3351,953734.8748,1074813.096,1074755.77,953547.6353,953890.2664,1075225.507,1075206.945,953837.4741,954258.3082,1075158.307,1075207.917,954054.1015,954451.25,1075277.606,1075350.977,1150202.002,1150706.113,1074971.85,1075350.977,1150093.06,1150394.999,1075141.926,1075200.484,1150002.783,1150342.215,1075214.598,1075255.542,1150181.909,1150574.576,1075195.719,1075201.725,1149997.004,1150317.374,1075080.405,1075113.174,1150194.9,1150480.338,1074810.316,1074856.349,1149947.644,1150262.119,1074758.909,1074817.046,1150614.86,1150958.626,1075153.35,1075106.865,1150404.181,1150658.215,1075105.849,1075096.536,1150648.809,1150917.574,1075207.101,1075197.335,1150413.546,1150750.529,1075103.823,1075181.013,1150330.467,1150659.12,1074902.766,1074897.275,1150198.631,1150536.380,1074732.355,1074605.036
,24,953033.506,953723.8528,1074638.094,1074587.027,953763.4928,953817.5343,1075112.761,1075069.054,953583.9112,953614.7721,1074788.2,1074719.106,953435.2662,953777.7439,1075203.544,1075181.471,953799.0842,954150.5333,1075138.416,1075186.404,953907.6262,954323.2343,1075259.866,1075328.958,1150078.23,1150598.838,1074950.939,1075328.958,1149970.494,1150275.437,1075115.251,1075177.988,1149866.893,1150213.81,1075195.263,1075238.643,1150036.195,1150447.483,1075169.557,1075164.246,1149854.319,1150181.943,1075066.734,1075078.197,1150051.927,1150347.593,1074789.425,1074820.512,1149798.079,1150123.987,1074749.393,1074786.82,1150458.786,1150811.27,1075152.222,1075081.374,1150255.32,1150524.078,1075074.882,1075057.061,1150502.845,1150778.653,1075178.089,1075159.019,1150272.914,1150619.746,1075095.705,1075154.848,1150188.582,1150527.653,1074883.082,1074868.608,1150053.704,1150398.787,1074731.629,1074579.567
,25,953165.4828,953792.3958,1074449.851,1074337.782,953997.3764,954006.4332,1074886.155,1074787.822,953818.6964,953810.6481,1074486.197,1074382.037,953818.6964,953810.6481,1074987.993,1074893.647,954060.7098,954331.0486,1074969.886,1074970.044,954127.055,954474.2887,1075056.2,1075075.195,1150379.34,1150764.608,1074686.021,1075075.195,1150210.867,1150444.372,1074847.669,1074857.089,1150082.532,1150365.052,1075041.94,1075053.646,1150203.82,1150592.139,1074910.414,1074856.774,1150012.732,1150274.581,1074839.051,1074788.58,1150197.071,1150446.175,1074613.528,1074586.009,1149930.194,1150209.843,1074552.714,1074528.079,1150532.643,1150849.616,1074920.156,1074752.452,1150386.401,1150607.5,1074777.544,1074697.264,1150634.503,1150864.675,1074887.941,1074801.259,1150465.547,1150751.892,1074910.709,1074925.029,1150364.037,1150651.624,1074770.798,1074720.231,1150214.676,1150522.591,1074494.463,1074257.514
